{"cameraMode":{"drawMode":0,"name":"Shaded","section":"Shading Mode"},"sceneLighting":false,"audioPlay":false,"sceneViewState":{"showFog":true,"showMaterialUpdate":true,"showSkybox":true,"showFlares":true,"showImageEffects":true,"showParticleSystems":true},"in2DMode":false,"pivot":{"x":-11.632896423339844,"y":5.230000019073486,"z":-28.422895431518556},"rotation":{"x":0.4211035370826721,"y":0.27574267983436587,"z":-0.13608713448047639,"w":0.8532984256744385},"size":35.90864944458008,"orthographic":false}