{"cameraMode":{"drawMode":0,"name":"Shaded","section":"Shading Mode"},"sceneLighting":false,"audioPlay":false,"sceneViewState":{"showFog":true,"showMaterialUpdate":true,"showSkybox":false,"showFlares":true,"showImageEffects":true,"showParticleSystems":true},"in2DMode":false,"pivot":{"x":-2.971142053604126,"y":-41.613765716552737,"z":-3.185246229171753},"rotation":{"x":-0.079583540558815,"y":0.8112502098083496,"z":-0.5679956078529358,"w":-0.11366923898458481},"size":7.695342540740967,"orthographic":false}