{"cameraMode":{"drawMode":0,"name":"Shaded","section":"Shading Mode"},"sceneLighting":false,"audioPlay":false,"sceneViewState":{"showFog":true,"showMaterialUpdate":true,"showSkybox":true,"showFlares":true,"showImageEffects":true,"showParticleSystems":true},"in2DMode":false,"pivot":{"x":-0.5351481437683106,"y":3.3838906288146974,"z":-1.6114988327026368},"rotation":{"x":0.04671860486268997,"y":-0.2937350869178772,"z":0.014375307597219944,"w":0.9546363353729248},"size":4.793389797210693,"orthographic":false}