{"cameraMode":{"drawMode":0,"name":"Shaded","section":"Shading Mode"},"sceneLighting":false,"audioPlay":false,"sceneViewState":{"showFog":true,"showMaterialUpdate":true,"showSkybox":false,"showFlares":true,"showImageEffects":true,"showParticleSystems":true},"in2DMode":false,"pivot":{"x":2.0095443725585939,"y":1.0499999523162842,"z":1.8725998401641846},"rotation":{"x":0.4103025197982788,"y":0.3395439386367798,"z":-0.16793851554393769,"w":0.8295531272888184},"size":8.253148078918457,"orthographic":false}