{"cameraMode":{"drawMode":0,"name":"Shaded","section":"Shading Mode"},"sceneLighting":false,"audioPlay":false,"sceneViewState":{"showFog":true,"showMaterialUpdate":true,"showSkybox":true,"showFlares":true,"showImageEffects":true,"showParticleSystems":true},"in2DMode":false,"pivot":{"x":2.009544610977173,"y":1.0499999523162842,"z":9.79259967803955},"rotation":{"x":0.28945988416671755,"y":0.4557840824127197,"z":-0.1596393883228302,"w":0.8264316320419312},"size":17.241132736206056,"orthographic":false}