{"cameraMode":{"drawMode":0,"name":"Shaded","section":"Shading Mode"},"sceneLighting":true,"audioPlay":false,"sceneViewState":{"showFog":true,"showMaterialUpdate":true,"showSkybox":false,"showFlares":true,"showImageEffects":true,"showParticleSystems":true},"in2DMode":false,"pivot":{"x":0.8188014030456543,"y":3.017608880996704,"z":3.2671618461608888},"rotation":{"x":0.03046014904975891,"y":-0.48394691944122317,"z":0.016860265284776689,"w":0.8744046092033386},"size":7.1067094802856449,"orthographic":false}