{"cameraMode":{"drawMode":0,"name":"Shaded","section":"Shading Mode"},"sceneLighting":false,"audioPlay":false,"sceneViewState":{"showFog":true,"showMaterialUpdate":true,"showSkybox":false,"showFlares":true,"showImageEffects":true,"showParticleSystems":true},"in2DMode":false,"pivot":{"x":1.4390006065368653,"y":1.158713936805725,"z":4.339046001434326},"rotation":{"x":0.2619052529335022,"y":0.39320626854896548,"z":-0.11790324002504349,"w":0.8734376430511475},"size":2.5488386154174806,"orthographic":false}