{"cameraMode":{"drawMode":0,"name":"Shaded","section":"Shading Mode"},"sceneLighting":false,"audioPlay":false,"sceneViewState":{"showFog":true,"showMaterialUpdate":true,"showSkybox":true,"showFlares":true,"showImageEffects":true,"showParticleSystems":true},"in2DMode":false,"pivot":{"x":-30.058000564575197,"y":2.9000000953674318,"z":-4.949999809265137},"rotation":{"x":0.2850216031074524,"y":0.09184100478887558,"z":-0.027454236522316934,"w":0.9537160396575928},"size":1.431044340133667,"orthographic":false}