{"cameraMode":{"drawMode":0,"name":"Shaded","section":"Shading Mode"},"sceneLighting":true,"audioPlay":false,"sceneViewState":{"showFog":true,"showMaterialUpdate":true,"showSkybox":true,"showFlares":true,"showImageEffects":true,"showParticleSystems":true},"in2DMode":false,"pivot":{"x":0.9427337646484375,"y":3.100008964538574,"z":48.232810974121097},"rotation":{"x":0.31855735182762148,"y":-0.0828934907913208,"z":0.027977226302027704,"w":0.9438576698303223},"size":42.59591293334961,"orthographic":false}