{"cameraMode":{"drawMode":0,"name":"Shaded","section":"Shading Mode"},"sceneLighting":true,"audioPlay":false,"sceneViewState":{"showFog":true,"showMaterialUpdate":true,"showSkybox":true,"showFlares":true,"showImageEffects":true,"showParticleSystems":true},"in2DMode":false,"pivot":{"x":-0.19099998474121095,"y":2.434999942779541,"z":9.515000343322754},"rotation":{"x":0.15480661392211915,"y":0.28313860297203066,"z":-0.046366553753614429,"w":0.9453664422035217},"size":38.2899284362793,"orthographic":false}