{"cameraMode":{"drawMode":0,"name":"Shaded","section":"Shading Mode"},"sceneLighting":false,"audioPlay":false,"sceneViewState":{"showFog":true,"showMaterialUpdate":true,"showSkybox":true,"showFlares":true,"showImageEffects":true,"showParticleSystems":true},"in2DMode":false,"pivot":{"x":-11.369999885559082,"y":0.5199999809265137,"z":3.369999885559082},"rotation":{"x":0.30342862010002139,"y":0.37446972727775576,"z":-0.13115844130516053,"w":0.8663145899772644},"size":16.158004760742189,"orthographic":false}