{"cameraMode":{"drawMode":0,"name":"Shaded","section":"Shading Mode"},"sceneLighting":false,"audioPlay":false,"sceneViewState":{"showFog":true,"showMaterialUpdate":true,"showSkybox":true,"showFlares":true,"showImageEffects":true,"showParticleSystems":true},"in2DMode":false,"pivot":{"x":5.203502178192139,"y":1.6500000953674317,"z":-2.842355489730835},"rotation":{"x":0.2397732138633728,"y":-0.045124053955078128,"z":0.011157532222568989,"w":0.9697155356407166},"size":17.37909507751465,"orthographic":false}