{"cameraMode":{"drawMode":0,"name":"Shaded","section":"Shading Mode"},"sceneLighting":false,"audioPlay":false,"sceneViewState":{"showFog":true,"showMaterialUpdate":true,"showSkybox":true,"showFlares":true,"showImageEffects":true,"showParticleSystems":true},"in2DMode":false,"pivot":{"x":3.859999895095825,"y":1.2899999618530274,"z":-4.199999809265137},"rotation":{"x":0.33032312989234927,"y":0.1948387771844864,"z":-0.06989606469869614,"w":0.9208903908729553},"size":4.041658401489258,"orthographic":false}